original_peptide,mutation_peptide,mutation_position_AAtype,mutation_AA_number,sequence similarity,HLA,HLA_sequence,y_pred,y_prob
YKVAYQATV,YKVAYQATV,,1,1.0,HLA-A*02:06,YYAMYGEKVAHTHVDTLYVRYHYYTWAVLAYTWY,0,0.0016
YKVAYQATV,SKVAYQATV,1|Y/S,1,0.8888888888888888,HLA-A*02:06,YYAMYGEKVAHTHVDTLYVRYHYYTWAVLAYTWY,0,0.0
YKVAYQATV,YKVAYQATF,9|V/F,1,0.8888888888888888,HLA-A*02:06,YYAMYGEKVAHTHVDTLYVRYHYYTWAVLAYTWY,0,0.0043
YKVAYQATV,RKVAYQATV,1|Y/R,1,0.8888888888888888,HLA-A*02:06,YYAMYGEKVAHTHVDTLYVRYHYYTWAVLAYTWY,0,0.0
YKVAYQATV,AKVAYQATV,1|Y/A,1,0.8888888888888888,HLA-A*02:06,YYAMYGEKVAHTHVDTLYVRYHYYTWAVLAYTWY,0,0.0
YKVAYQATV,YKVAYQATY,9|V/Y,1,0.8888888888888888,HLA-A*02:06,YYAMYGEKVAHTHVDTLYVRYHYYTWAVLAYTWY,1,0.5354
YKVAYQATV,YKVAYQATL,9|V/L,1,0.8888888888888888,HLA-A*02:06,YYAMYGEKVAHTHVDTLYVRYHYYTWAVLAYTWY,0,0.0147
YKVAYQATV,YKVPYQATL,"4|A/P,9|V/L",2,0.7777777777777778,HLA-A*02:06,YYAMYGEKVAHTHVDTLYVRYHYYTWAVLAYTWY,1,0.5354
YKVAYQATV,ALVAYQATV,"1|Y/A,2|K/L",2,0.7777777777777778,HLA-A*02:06,YYAMYGEKVAHTHVDTLYVRYHYYTWAVLAYTWY,1,1.0
YKVAYQATV,SKVAYQATF,"1|Y/S,9|V/F",2,0.7777777777777778,HLA-A*02:06,YYAMYGEKVAHTHVDTLYVRYHYYTWAVLAYTWY,0,0.0
YKVAYQATV,YRVAYQATF,"2|K/R,9|V/F",2,0.7777777777777778,HLA-A*02:06,YYAMYGEKVAHTHVDTLYVRYHYYTWAVLAYTWY,0,0.117
YKVAYQATV,YKVEYQATL,"4|A/E,9|V/L",2,0.7777777777777778,HLA-A*02:06,YYAMYGEKVAHTHVDTLYVRYHYYTWAVLAYTWY,1,0.864
YKVAYQATV,YKVPYQATY,"4|A/P,9|V/Y",2,0.7777777777777778,HLA-A*02:06,YYAMYGEKVAHTHVDTLYVRYHYYTWAVLAYTWY,0,0.4343
YKVAYQATV,YEVAYQATY,"2|K/E,9|V/Y",2,0.7777777777777778,HLA-A*02:06,YYAMYGEKVAHTHVDTLYVRYHYYTWAVLAYTWY,1,0.9901
YKVAYQATV,YKVDYQATY,"4|A/D,9|V/Y",2,0.7777777777777778,HLA-A*02:06,YYAMYGEKVAHTHVDTLYVRYHYYTWAVLAYTWY,1,0.9933
YKVAYQATV,RKVAYQATL,"1|Y/R,9|V/L",2,0.7777777777777778,HLA-A*02:06,YYAMYGEKVAHTHVDTLYVRYHYYTWAVLAYTWY,0,0.0
YKVAYQATV,YKVDYQATF,"4|A/D,9|V/F",2,0.7777777777777778,HLA-A*02:06,YYAMYGEKVAHTHVDTLYVRYHYYTWAVLAYTWY,1,0.8986
YKVAYQATV,YRVAYQATL,"2|K/R,9|V/L",2,0.7777777777777778,HLA-A*02:06,YYAMYGEKVAHTHVDTLYVRYHYYTWAVLAYTWY,1,0.9891
YKVAYQATV,SKVAYQATY,"1|Y/S,9|V/Y",2,0.7777777777777778,HLA-A*02:06,YYAMYGEKVAHTHVDTLYVRYHYYTWAVLAYTWY,0,0.0
YKVAYQATV,YLVAYQATF,"2|K/L,9|V/F",2,0.7777777777777778,HLA-A*02:06,YYAMYGEKVAHTHVDTLYVRYHYYTWAVLAYTWY,1,0.9998
YKVAYQATV,YEVAYQATL,"2|K/E,9|V/L",2,0.7777777777777778,HLA-A*02:06,YYAMYGEKVAHTHVDTLYVRYHYYTWAVLAYTWY,1,0.9985
YKVAYQATV,REVAYQATV,"1|Y/R,2|K/E",2,0.7777777777777778,HLA-A*02:06,YYAMYGEKVAHTHVDTLYVRYHYYTWAVLAYTWY,0,0.0009
YKVAYQATV,RRVAYQATV,"1|Y/R,2|K/R",2,0.7777777777777778,HLA-A*02:06,YYAMYGEKVAHTHVDTLYVRYHYYTWAVLAYTWY,0,0.0
YKVAYQATV,YLVAYQATL,"2|K/L,9|V/L",2,0.7777777777777778,HLA-A*02:06,YYAMYGEKVAHTHVDTLYVRYHYYTWAVLAYTWY,1,1.0
YKVAYQATV,YRVAYQATY,"2|K/R,9|V/Y",2,0.7777777777777778,HLA-A*02:06,YYAMYGEKVAHTHVDTLYVRYHYYTWAVLAYTWY,0,0.2399
YKVAYQATV,SRVAYQATV,"1|Y/S,2|K/R",2,0.7777777777777778,HLA-A*02:06,YYAMYGEKVAHTHVDTLYVRYHYYTWAVLAYTWY,0,0.0
YKVAYQATV,RKVAYQATY,"1|Y/R,9|V/Y",2,0.7777777777777778,HLA-A*02:06,YYAMYGEKVAHTHVDTLYVRYHYYTWAVLAYTWY,0,0.0
YKVAYQATV,SEVAYQATV,"1|Y/S,2|K/E",2,0.7777777777777778,HLA-A*02:06,YYAMYGEKVAHTHVDTLYVRYHYYTWAVLAYTWY,0,0.0008
YKVAYQATV,YEVAYQATF,"2|K/E,9|V/F",2,0.7777777777777778,HLA-A*02:06,YYAMYGEKVAHTHVDTLYVRYHYYTWAVLAYTWY,0,0.1113
YKVAYQATV,RLVAYQATV,"1|Y/R,2|K/L",2,0.7777777777777778,HLA-A*02:06,YYAMYGEKVAHTHVDTLYVRYHYYTWAVLAYTWY,1,1.0
YKVAYQATV,AKVAYQATF,"1|Y/A,9|V/F",2,0.7777777777777778,HLA-A*02:06,YYAMYGEKVAHTHVDTLYVRYHYYTWAVLAYTWY,0,0.0
YKVAYQATV,SLVAYQATV,"1|Y/S,2|K/L",2,0.7777777777777778,HLA-A*02:06,YYAMYGEKVAHTHVDTLYVRYHYYTWAVLAYTWY,1,1.0
YKVAYQATV,YKVPYQATF,"4|A/P,9|V/F",2,0.7777777777777778,HLA-A*02:06,YYAMYGEKVAHTHVDTLYVRYHYYTWAVLAYTWY,0,0.0086
YKVAYQATV,RKVAYQATF,"1|Y/R,9|V/F",2,0.7777777777777778,HLA-A*02:06,YYAMYGEKVAHTHVDTLYVRYHYYTWAVLAYTWY,0,0.0
YKVAYQATV,AKVAYQATY,"1|Y/A,9|V/Y",2,0.7777777777777778,HLA-A*02:06,YYAMYGEKVAHTHVDTLYVRYHYYTWAVLAYTWY,0,0.004
YKVAYQATV,ARVAYQATV,"1|Y/A,2|K/R",2,0.7777777777777778,HLA-A*02:06,YYAMYGEKVAHTHVDTLYVRYHYYTWAVLAYTWY,0,0.0
YKVAYQATV,SKVAYQATL,"1|Y/S,9|V/L",2,0.7777777777777778,HLA-A*02:06,YYAMYGEKVAHTHVDTLYVRYHYYTWAVLAYTWY,0,0.0
YKVAYQATV,YLVAYQATY,"2|K/L,9|V/Y",2,0.7777777777777778,HLA-A*02:06,YYAMYGEKVAHTHVDTLYVRYHYYTWAVLAYTWY,1,1.0
YKVAYQATV,AEVAYQATV,"1|Y/A,2|K/E",2,0.7777777777777778,HLA-A*02:06,YYAMYGEKVAHTHVDTLYVRYHYYTWAVLAYTWY,0,0.0005
YKVAYQATV,YKVEYQATF,"4|A/E,9|V/F",2,0.7777777777777778,HLA-A*02:06,YYAMYGEKVAHTHVDTLYVRYHYYTWAVLAYTWY,0,0.0755
YKVAYQATV,AKVAYQATL,"1|Y/A,9|V/L",2,0.7777777777777778,HLA-A*02:06,YYAMYGEKVAHTHVDTLYVRYHYYTWAVLAYTWY,0,0.0
YKVAYQATV,YKVDYQATL,"4|A/D,9|V/L",2,0.7777777777777778,HLA-A*02:06,YYAMYGEKVAHTHVDTLYVRYHYYTWAVLAYTWY,1,0.9959
YKVAYQATV,YKVEYQATY,"4|A/E,9|V/Y",2,0.7777777777777778,HLA-A*02:06,YYAMYGEKVAHTHVDTLYVRYHYYTWAVLAYTWY,1,0.9711
YKVAYQATV,YEVEYQATF,"2|K/E,4|A/E,9|V/F",3,0.6666666666666666,HLA-A*02:06,YYAMYGEKVAHTHVDTLYVRYHYYTWAVLAYTWY,1,0.794
YKVAYQATV,AELAYQATV,"1|Y/A,2|K/E,3|V/L",3,0.6666666666666666,HLA-A*02:06,YYAMYGEKVAHTHVDTLYVRYHYYTWAVLAYTWY,0,0.0082
YKVAYQATV,YRVEYQATY,"2|K/R,4|A/E,9|V/Y",3,0.6666666666666666,HLA-A*02:06,YYAMYGEKVAHTHVDTLYVRYHYYTWAVLAYTWY,1,0.9814
YKVAYQATV,YRVDYQATY,"2|K/R,4|A/D,9|V/Y",3,0.6666666666666666,HLA-A*02:06,YYAMYGEKVAHTHVDTLYVRYHYYTWAVLAYTWY,1,0.9835
YKVAYQATV,ALVAYQATL,"1|Y/A,2|K/L,9|V/L",3,0.6666666666666666,HLA-A*02:06,YYAMYGEKVAHTHVDTLYVRYHYYTWAVLAYTWY,1,1.0
YKVAYQATV,SLVAYQATF,"1|Y/S,2|K/L,9|V/F",3,0.6666666666666666,HLA-A*02:06,YYAMYGEKVAHTHVDTLYVRYHYYTWAVLAYTWY,1,0.9805
YKVAYQATV,YEVPYQATL,"2|K/E,4|A/P,9|V/L",3,0.6666666666666666,HLA-A*02:06,YYAMYGEKVAHTHVDTLYVRYHYYTWAVLAYTWY,1,1.0
YKVAYQATV,YRVPYQATL,"2|K/R,4|A/P,9|V/L",3,0.6666666666666666,HLA-A*02:06,YYAMYGEKVAHTHVDTLYVRYHYYTWAVLAYTWY,1,1.0
YKVAYQATV,RKVPYQATY,"1|Y/R,4|A/P,9|V/Y",3,0.6666666666666666,HLA-A*02:06,YYAMYGEKVAHTHVDTLYVRYHYYTWAVLAYTWY,0,1e-04
YKVAYQATV,RLDAYQATV,"1|Y/R,2|K/L,3|V/D",3,0.6666666666666666,HLA-A*02:06,YYAMYGEKVAHTHVDTLYVRYHYYTWAVLAYTWY,1,1.0
YKVAYQATV,ALLAYQATV,"1|Y/A,2|K/L,3|V/L",3,0.6666666666666666,HLA-A*02:06,YYAMYGEKVAHTHVDTLYVRYHYYTWAVLAYTWY,1,1.0
YKVAYQATV,YEVDYQATF,"2|K/E,4|A/D,9|V/F",3,0.6666666666666666,HLA-A*02:06,YYAMYGEKVAHTHVDTLYVRYHYYTWAVLAYTWY,1,0.9909
YKVAYQATV,SEDAYQATV,"1|Y/S,2|K/E,3|V/D",3,0.6666666666666666,HLA-A*02:06,YYAMYGEKVAHTHVDTLYVRYHYYTWAVLAYTWY,0,1e-04
YKVAYQATV,YLVEYQATY,"2|K/L,4|A/E,9|V/Y",3,0.6666666666666666,HLA-A*02:06,YYAMYGEKVAHTHVDTLYVRYHYYTWAVLAYTWY,1,1.0
YKVAYQATV,SKVDYQATY,"1|Y/S,4|A/D,9|V/Y",3,0.6666666666666666,HLA-A*02:06,YYAMYGEKVAHTHVDTLYVRYHYYTWAVLAYTWY,0,0.0768
YKVAYQATV,AKVPYQATY,"1|Y/A,4|A/P,9|V/Y",3,0.6666666666666666,HLA-A*02:06,YYAMYGEKVAHTHVDTLYVRYHYYTWAVLAYTWY,0,0.016
YKVAYQATV,RLAAYQATV,"1|Y/R,2|K/L,3|V/A",3,0.6666666666666666,HLA-A*02:06,YYAMYGEKVAHTHVDTLYVRYHYYTWAVLAYTWY,1,1.0
YKVAYQATV,YRVDYQATF,"2|K/R,4|A/D,9|V/F",3,0.6666666666666666,HLA-A*02:06,YYAMYGEKVAHTHVDTLYVRYHYYTWAVLAYTWY,1,0.5135
YKVAYQATV,SKVPYQATY,"1|Y/S,4|A/P,9|V/Y",3,0.6666666666666666,HLA-A*02:06,YYAMYGEKVAHTHVDTLYVRYHYYTWAVLAYTWY,0,0.0013
YKVAYQATV,RKVPYQATL,"1|Y/R,4|A/P,9|V/L",3,0.6666666666666666,HLA-A*02:06,YYAMYGEKVAHTHVDTLYVRYHYYTWAVLAYTWY,0,0.0004
YKVAYQATV,ARVAYQATF,"1|Y/A,2|K/R,9|V/F",3,0.6666666666666666,HLA-A*02:06,YYAMYGEKVAHTHVDTLYVRYHYYTWAVLAYTWY,0,0.0012
YKVAYQATV,REVAYQATL,"1|Y/R,2|K/E,9|V/L",3,0.6666666666666666,HLA-A*02:06,YYAMYGEKVAHTHVDTLYVRYHYYTWAVLAYTWY,0,0.2329
YKVAYQATV,SKVPYQATF,"1|Y/S,4|A/P,9|V/F",3,0.6666666666666666,HLA-A*02:06,YYAMYGEKVAHTHVDTLYVRYHYYTWAVLAYTWY,0,0.0
YKVAYQATV,RKVEYQATY,"1|Y/R,4|A/E,9|V/Y",3,0.6666666666666666,HLA-A*02:06,YYAMYGEKVAHTHVDTLYVRYHYYTWAVLAYTWY,0,0.0226
YKVAYQATV,RKVEYQATF,"1|Y/R,4|A/E,9|V/F",3,0.6666666666666666,HLA-A*02:06,YYAMYGEKVAHTHVDTLYVRYHYYTWAVLAYTWY,0,1e-04
YKVAYQATV,RKVPYQATF,"1|Y/R,4|A/P,9|V/F",3,0.6666666666666666,HLA-A*02:06,YYAMYGEKVAHTHVDTLYVRYHYYTWAVLAYTWY,0,0.0
YKVAYQATV,RRLAYQATV,"1|Y/R,2|K/R,3|V/L",3,0.6666666666666666,HLA-A*02:06,YYAMYGEKVAHTHVDTLYVRYHYYTWAVLAYTWY,0,0.0062
YKVAYQATV,RRVAYQATY,"1|Y/R,2|K/R,9|V/Y",3,0.6666666666666666,HLA-A*02:06,YYAMYGEKVAHTHVDTLYVRYHYYTWAVLAYTWY,0,0.0003
YKVAYQATV,REVAYQATY,"1|Y/R,2|K/E,9|V/Y",3,0.6666666666666666,HLA-A*02:06,YYAMYGEKVAHTHVDTLYVRYHYYTWAVLAYTWY,0,0.3504
YKVAYQATV,RKVEYQATL,"1|Y/R,4|A/E,9|V/L",3,0.6666666666666666,HLA-A*02:06,YYAMYGEKVAHTHVDTLYVRYHYYTWAVLAYTWY,0,0.0098
YKVAYQATV,RKVDYQATL,"1|Y/R,4|A/D,9|V/L",3,0.6666666666666666,HLA-A*02:06,YYAMYGEKVAHTHVDTLYVRYHYYTWAVLAYTWY,0,0.0464
YKVAYQATV,YLVEYQATL,"2|K/L,4|A/E,9|V/L",3,0.6666666666666666,HLA-A*02:06,YYAMYGEKVAHTHVDTLYVRYHYYTWAVLAYTWY,1,1.0
YKVAYQATV,AKVEYQATY,"1|Y/A,4|A/E,9|V/Y",3,0.6666666666666666,HLA-A*02:06,YYAMYGEKVAHTHVDTLYVRYHYYTWAVLAYTWY,1,0.7716
YKVAYQATV,SEVAYQATL,"1|Y/S,2|K/E,9|V/L",3,0.6666666666666666,HLA-A*02:06,YYAMYGEKVAHTHVDTLYVRYHYYTWAVLAYTWY,0,0.0491
YKVAYQATV,YRVDYQATL,"2|K/R,4|A/D,9|V/L",3,0.6666666666666666,HLA-A*02:06,YYAMYGEKVAHTHVDTLYVRYHYYTWAVLAYTWY,1,0.9999
YKVAYQATV,RRVAYQATF,"1|Y/R,2|K/R,9|V/F",3,0.6666666666666666,HLA-A*02:06,YYAMYGEKVAHTHVDTLYVRYHYYTWAVLAYTWY,0,0.0005
YKVAYQATV,YEVDYQATL,"2|K/E,4|A/D,9|V/L",3,0.6666666666666666,HLA-A*02:06,YYAMYGEKVAHTHVDTLYVRYHYYTWAVLAYTWY,1,1.0
YKVAYQATV,SKVEYQATL,"1|Y/S,4|A/E,9|V/L",3,0.6666666666666666,HLA-A*02:06,YYAMYGEKVAHTHVDTLYVRYHYYTWAVLAYTWY,0,0.0007
YKVAYQATV,YLVDYQATL,"2|K/L,4|A/D,9|V/L",3,0.6666666666666666,HLA-A*02:06,YYAMYGEKVAHTHVDTLYVRYHYYTWAVLAYTWY,1,1.0
YKVAYQATV,ALDAYQATV,"1|Y/A,2|K/L,3|V/D",3,0.6666666666666666,HLA-A*02:06,YYAMYGEKVAHTHVDTLYVRYHYYTWAVLAYTWY,1,1.0
YKVAYQATV,ARAAYQATV,"1|Y/A,2|K/R,3|V/A",3,0.6666666666666666,HLA-A*02:06,YYAMYGEKVAHTHVDTLYVRYHYYTWAVLAYTWY,0,1e-04
YKVAYQATV,SLLAYQATV,"1|Y/S,2|K/L,3|V/L",3,0.6666666666666666,HLA-A*02:06,YYAMYGEKVAHTHVDTLYVRYHYYTWAVLAYTWY,1,1.0
YKVAYQATV,REAAYQATV,"1|Y/R,2|K/E,3|V/A",3,0.6666666666666666,HLA-A*02:06,YYAMYGEKVAHTHVDTLYVRYHYYTWAVLAYTWY,0,0.0004
YKVAYQATV,YEVEYQATL,"2|K/E,4|A/E,9|V/L",3,0.6666666666666666,HLA-A*02:06,YYAMYGEKVAHTHVDTLYVRYHYYTWAVLAYTWY,1,1.0
YKVAYQATV,AEDAYQATV,"1|Y/A,2|K/E,3|V/D",3,0.6666666666666666,HLA-A*02:06,YYAMYGEKVAHTHVDTLYVRYHYYTWAVLAYTWY,0,0.0005
YKVAYQATV,REDAYQATV,"1|Y/R,2|K/E,3|V/D",3,0.6666666666666666,HLA-A*02:06,YYAMYGEKVAHTHVDTLYVRYHYYTWAVLAYTWY,0,0.0002
YKVAYQATV,YEVPYQATY,"2|K/E,4|A/P,9|V/Y",3,0.6666666666666666,HLA-A*02:06,YYAMYGEKVAHTHVDTLYVRYHYYTWAVLAYTWY,1,0.9996
YKVAYQATV,AKVPYQATF,"1|Y/A,4|A/P,9|V/F",3,0.6666666666666666,HLA-A*02:06,YYAMYGEKVAHTHVDTLYVRYHYYTWAVLAYTWY,0,1e-04
YKVAYQATV,SKVDYQATF,"1|Y/S,4|A/D,9|V/F",3,0.6666666666666666,HLA-A*02:06,YYAMYGEKVAHTHVDTLYVRYHYYTWAVLAYTWY,0,0.0003
YKVAYQATV,YLVDYQATY,"2|K/L,4|A/D,9|V/Y",3,0.6666666666666666,HLA-A*02:06,YYAMYGEKVAHTHVDTLYVRYHYYTWAVLAYTWY,1,1.0
YKVAYQATV,ARVAYQATL,"1|Y/A,2|K/R,9|V/L",3,0.6666666666666666,HLA-A*02:06,YYAMYGEKVAHTHVDTLYVRYHYYTWAVLAYTWY,0,0.0041
YKVAYQATV,SRVAYQATF,"1|Y/S,2|K/R,9|V/F",3,0.6666666666666666,HLA-A*02:06,YYAMYGEKVAHTHVDTLYVRYHYYTWAVLAYTWY,0,0.0
YKVAYQATV,SKVEYQATF,"1|Y/S,4|A/E,9|V/F",3,0.6666666666666666,HLA-A*02:06,YYAMYGEKVAHTHVDTLYVRYHYYTWAVLAYTWY,0,0.0
YKVAYQATV,RRAAYQATV,"1|Y/R,2|K/R,3|V/A",3,0.6666666666666666,HLA-A*02:06,YYAMYGEKVAHTHVDTLYVRYHYYTWAVLAYTWY,0,0.0
YKVAYQATV,SKVPYQATL,"1|Y/S,4|A/P,9|V/L",3,0.6666666666666666,HLA-A*02:06,YYAMYGEKVAHTHVDTLYVRYHYYTWAVLAYTWY,0,1e-04
YKVAYQATV,SRAAYQATV,"1|Y/S,2|K/R,3|V/A",3,0.6666666666666666,HLA-A*02:06,YYAMYGEKVAHTHVDTLYVRYHYYTWAVLAYTWY,0,0.0
YKVAYQATV,RKVDYQATF,"1|Y/R,4|A/D,9|V/F",3,0.6666666666666666,HLA-A*02:06,YYAMYGEKVAHTHVDTLYVRYHYYTWAVLAYTWY,0,0.0005
YKVAYQATV,YLVPYQATY,"2|K/L,4|A/P,9|V/Y",3,0.6666666666666666,HLA-A*02:06,YYAMYGEKVAHTHVDTLYVRYHYYTWAVLAYTWY,1,1.0
YKVAYQATV,AKVDYQATF,"1|Y/A,4|A/D,9|V/F",3,0.6666666666666666,HLA-A*02:06,YYAMYGEKVAHTHVDTLYVRYHYYTWAVLAYTWY,0,0.0251
YKVAYQATV,SLVAYQATY,"1|Y/S,2|K/L,9|V/Y",3,0.6666666666666666,HLA-A*02:06,YYAMYGEKVAHTHVDTLYVRYHYYTWAVLAYTWY,1,0.9993
YKVAYQATV,YRVEYQATF,"2|K/R,4|A/E,9|V/F",3,0.6666666666666666,HLA-A*02:06,YYAMYGEKVAHTHVDTLYVRYHYYTWAVLAYTWY,1,0.6467
YKVAYQATV,SLAAYQATV,"1|Y/S,2|K/L,3|V/A",3,0.6666666666666666,HLA-A*02:06,YYAMYGEKVAHTHVDTLYVRYHYYTWAVLAYTWY,1,1.0
YKVAYQATV,REVAYQATF,"1|Y/R,2|K/E,9|V/F",3,0.6666666666666666,HLA-A*02:06,YYAMYGEKVAHTHVDTLYVRYHYYTWAVLAYTWY,0,0.0517
YKVAYQATV,AEVAYQATY,"1|Y/A,2|K/E,9|V/Y",3,0.6666666666666666,HLA-A*02:06,YYAMYGEKVAHTHVDTLYVRYHYYTWAVLAYTWY,1,0.9933
YKVAYQATV,SRDAYQATV,"1|Y/S,2|K/R,3|V/D",3,0.6666666666666666,HLA-A*02:06,YYAMYGEKVAHTHVDTLYVRYHYYTWAVLAYTWY,0,0.0
YKVAYQATV,SRVAYQATL,"1|Y/S,2|K/R,9|V/L",3,0.6666666666666666,HLA-A*02:06,YYAMYGEKVAHTHVDTLYVRYHYYTWAVLAYTWY,0,0.009
YKVAYQATV,YLVPYQATF,"2|K/L,4|A/P,9|V/F",3,0.6666666666666666,HLA-A*02:06,YYAMYGEKVAHTHVDTLYVRYHYYTWAVLAYTWY,1,1.0
YKVAYQATV,RLLAYQATV,"1|Y/R,2|K/L,3|V/L",3,0.6666666666666666,HLA-A*02:06,YYAMYGEKVAHTHVDTLYVRYHYYTWAVLAYTWY,1,1.0
YKVAYQATV,AKVDYQATY,"1|Y/A,4|A/D,9|V/Y",3,0.6666666666666666,HLA-A*02:06,YYAMYGEKVAHTHVDTLYVRYHYYTWAVLAYTWY,1,0.86
YKVAYQATV,RLVAYQATF,"1|Y/R,2|K/L,9|V/F",3,0.6666666666666666,HLA-A*02:06,YYAMYGEKVAHTHVDTLYVRYHYYTWAVLAYTWY,1,0.9881
YKVAYQATV,ARLAYQATV,"1|Y/A,2|K/R,3|V/L",3,0.6666666666666666,HLA-A*02:06,YYAMYGEKVAHTHVDTLYVRYHYYTWAVLAYTWY,0,0.0155
YKVAYQATV,YLVPYQATL,"2|K/L,4|A/P,9|V/L",3,0.6666666666666666,HLA-A*02:06,YYAMYGEKVAHTHVDTLYVRYHYYTWAVLAYTWY,1,1.0
YKVAYQATV,YLVEYQATF,"2|K/L,4|A/E,9|V/F",3,0.6666666666666666,HLA-A*02:06,YYAMYGEKVAHTHVDTLYVRYHYYTWAVLAYTWY,1,1.0
YKVAYQATV,ARDAYQATV,"1|Y/A,2|K/R,3|V/D",3,0.6666666666666666,HLA-A*02:06,YYAMYGEKVAHTHVDTLYVRYHYYTWAVLAYTWY,0,0.0
YKVAYQATV,SEAAYQATV,"1|Y/S,2|K/E,3|V/A",3,0.6666666666666666,HLA-A*02:06,YYAMYGEKVAHTHVDTLYVRYHYYTWAVLAYTWY,0,0.0003
YKVAYQATV,YLVDYQATF,"2|K/L,4|A/D,9|V/F",3,0.6666666666666666,HLA-A*02:06,YYAMYGEKVAHTHVDTLYVRYHYYTWAVLAYTWY,1,1.0
YKVAYQATV,AKVPYQATL,"1|Y/A,4|A/P,9|V/L",3,0.6666666666666666,HLA-A*02:06,YYAMYGEKVAHTHVDTLYVRYHYYTWAVLAYTWY,0,0.0011
YKVAYQATV,YRVPYQATY,"2|K/R,4|A/P,9|V/Y",3,0.6666666666666666,HLA-A*02:06,YYAMYGEKVAHTHVDTLYVRYHYYTWAVLAYTWY,1,0.9908
YKVAYQATV,YEVPYQATF,"2|K/E,4|A/P,9|V/F",3,0.6666666666666666,HLA-A*02:06,YYAMYGEKVAHTHVDTLYVRYHYYTWAVLAYTWY,1,0.9763
YKVAYQATV,RRDAYQATV,"1|Y/R,2|K/R,3|V/D",3,0.6666666666666666,HLA-A*02:06,YYAMYGEKVAHTHVDTLYVRYHYYTWAVLAYTWY,0,0.0
YKVAYQATV,SLDAYQATV,"1|Y/S,2|K/L,3|V/D",3,0.6666666666666666,HLA-A*02:06,YYAMYGEKVAHTHVDTLYVRYHYYTWAVLAYTWY,1,1.0
YKVAYQATV,AEAAYQATV,"1|Y/A,2|K/E,3|V/A",3,0.6666666666666666,HLA-A*02:06,YYAMYGEKVAHTHVDTLYVRYHYYTWAVLAYTWY,0,0.0008
YKVAYQATV,YEVDYQATY,"2|K/E,4|A/D,9|V/Y",3,0.6666666666666666,HLA-A*02:06,YYAMYGEKVAHTHVDTLYVRYHYYTWAVLAYTWY,1,1.0
YKVAYQATV,AKVEYQATF,"1|Y/A,4|A/E,9|V/F",3,0.6666666666666666,HLA-A*02:06,YYAMYGEKVAHTHVDTLYVRYHYYTWAVLAYTWY,0,0.0004
YKVAYQATV,AKVEYQATL,"1|Y/A,4|A/E,9|V/L",3,0.6666666666666666,HLA-A*02:06,YYAMYGEKVAHTHVDTLYVRYHYYTWAVLAYTWY,0,0.009
YKVAYQATV,YRVEYQATL,"2|K/R,4|A/E,9|V/L",3,0.6666666666666666,HLA-A*02:06,YYAMYGEKVAHTHVDTLYVRYHYYTWAVLAYTWY,1,0.9998
YKVAYQATV,SRLAYQATV,"1|Y/S,2|K/R,3|V/L",3,0.6666666666666666,HLA-A*02:06,YYAMYGEKVAHTHVDTLYVRYHYYTWAVLAYTWY,0,0.0015
YKVAYQATV,ALVAYQATF,"1|Y/A,2|K/L,9|V/F",3,0.6666666666666666,HLA-A*02:06,YYAMYGEKVAHTHVDTLYVRYHYYTWAVLAYTWY,1,0.8768
YKVAYQATV,RKVDYQATY,"1|Y/R,4|A/D,9|V/Y",3,0.6666666666666666,HLA-A*02:06,YYAMYGEKVAHTHVDTLYVRYHYYTWAVLAYTWY,0,0.0027
YKVAYQATV,SKVDYQATL,"1|Y/S,4|A/D,9|V/L",3,0.6666666666666666,HLA-A*02:06,YYAMYGEKVAHTHVDTLYVRYHYYTWAVLAYTWY,0,0.112
YKVAYQATV,SKVEYQATY,"1|Y/S,4|A/E,9|V/Y",3,0.6666666666666666,HLA-A*02:06,YYAMYGEKVAHTHVDTLYVRYHYYTWAVLAYTWY,0,0.0142
YKVAYQATV,SELAYQATV,"1|Y/S,2|K/E,3|V/L",3,0.6666666666666666,HLA-A*02:06,YYAMYGEKVAHTHVDTLYVRYHYYTWAVLAYTWY,0,0.0234
YKVAYQATV,YRVPYQATF,"2|K/R,4|A/P,9|V/F",3,0.6666666666666666,HLA-A*02:06,YYAMYGEKVAHTHVDTLYVRYHYYTWAVLAYTWY,1,0.9805
YKVAYQATV,SEVAYQATY,"1|Y/S,2|K/E,9|V/Y",3,0.6666666666666666,HLA-A*02:06,YYAMYGEKVAHTHVDTLYVRYHYYTWAVLAYTWY,0,0.2491
YKVAYQATV,ALVAYQATY,"1|Y/A,2|K/L,9|V/Y",3,0.6666666666666666,HLA-A*02:06,YYAMYGEKVAHTHVDTLYVRYHYYTWAVLAYTWY,1,0.9999
YKVAYQATV,AEVAYQATF,"1|Y/A,2|K/E,9|V/F",3,0.6666666666666666,HLA-A*02:06,YYAMYGEKVAHTHVDTLYVRYHYYTWAVLAYTWY,0,0.0043
YKVAYQATV,SRVAYQATY,"1|Y/S,2|K/R,9|V/Y",3,0.6666666666666666,HLA-A*02:06,YYAMYGEKVAHTHVDTLYVRYHYYTWAVLAYTWY,0,1e-04
YKVAYQATV,AEVAYQATL,"1|Y/A,2|K/E,9|V/L",3,0.6666666666666666,HLA-A*02:06,YYAMYGEKVAHTHVDTLYVRYHYYTWAVLAYTWY,0,0.1937
YKVAYQATV,RRVAYQATL,"1|Y/R,2|K/R,9|V/L",3,0.6666666666666666,HLA-A*02:06,YYAMYGEKVAHTHVDTLYVRYHYYTWAVLAYTWY,0,0.0168
YKVAYQATV,AKVDYQATL,"1|Y/A,4|A/D,9|V/L",3,0.6666666666666666,HLA-A*02:06,YYAMYGEKVAHTHVDTLYVRYHYYTWAVLAYTWY,0,0.3614
YKVAYQATV,SEVAYQATF,"1|Y/S,2|K/E,9|V/F",3,0.6666666666666666,HLA-A*02:06,YYAMYGEKVAHTHVDTLYVRYHYYTWAVLAYTWY,0,1e-04
YKVAYQATV,YEVEYQATY,"2|K/E,4|A/E,9|V/Y",3,0.6666666666666666,HLA-A*02:06,YYAMYGEKVAHTHVDTLYVRYHYYTWAVLAYTWY,1,0.9999
YKVAYQATV,ALAAYQATV,"1|Y/A,2|K/L,3|V/A",3,0.6666666666666666,HLA-A*02:06,YYAMYGEKVAHTHVDTLYVRYHYYTWAVLAYTWY,1,1.0
YKVAYQATV,RLVAYQATY,"1|Y/R,2|K/L,9|V/Y",3,0.6666666666666666,HLA-A*02:06,YYAMYGEKVAHTHVDTLYVRYHYYTWAVLAYTWY,1,0.9999
YKVAYQATV,SLVAYQATL,"1|Y/S,2|K/L,9|V/L",3,0.6666666666666666,HLA-A*02:06,YYAMYGEKVAHTHVDTLYVRYHYYTWAVLAYTWY,1,1.0
YKVAYQATV,RELAYQATV,"1|Y/R,2|K/E,3|V/L",3,0.6666666666666666,HLA-A*02:06,YYAMYGEKVAHTHVDTLYVRYHYYTWAVLAYTWY,0,0.0079
YKVAYQATV,ARVAYQATY,"1|Y/A,2|K/R,9|V/Y",3,0.6666666666666666,HLA-A*02:06,YYAMYGEKVAHTHVDTLYVRYHYYTWAVLAYTWY,0,0.0113
YKVAYQATV,RLVAYQATL,"1|Y/R,2|K/L,9|V/L",3,0.6666666666666666,HLA-A*02:06,YYAMYGEKVAHTHVDTLYVRYHYYTWAVLAYTWY,1,1.0
YKVAYQATV,SLVEYQATF,"1|Y/S,2|K/L,4|A/E,9|V/F",4,0.5555555555555556,HLA-A*02:06,YYAMYGEKVAHTHVDTLYVRYHYYTWAVLAYTWY,1,0.9996
YKVAYQATV,RRLAYQATF,"1|Y/R,2|K/R,3|V/L,9|V/F",4,0.5555555555555556,HLA-A*02:06,YYAMYGEKVAHTHVDTLYVRYHYYTWAVLAYTWY,0,0.0024
YKVAYQATV,RLVPYQATF,"1|Y/R,2|K/L,4|A/P,9|V/F",4,0.5555555555555556,HLA-A*02:06,YYAMYGEKVAHTHVDTLYVRYHYYTWAVLAYTWY,1,1.0
YKVAYQATV,YEVPYQASF,"2|K/E,4|A/P,8|T/S,9|V/F",4,0.5555555555555556,HLA-A*02:06,YYAMYGEKVAHTHVDTLYVRYHYYTWAVLAYTWY,1,0.9046
YKVAYQATV,AEVPYQATL,"1|Y/A,2|K/E,4|A/P,9|V/L",4,0.5555555555555556,HLA-A*02:06,YYAMYGEKVAHTHVDTLYVRYHYYTWAVLAYTWY,1,0.9798
YKVAYQATV,YRVPYQAAL,"2|K/R,4|A/P,8|T/A,9|V/L",4,0.5555555555555556,HLA-A*02:06,YYAMYGEKVAHTHVDTLYVRYHYYTWAVLAYTWY,1,0.9995
YKVAYQATV,ALLAYQATL,"1|Y/A,2|K/L,3|V/L,9|V/L",4,0.5555555555555556,HLA-A*02:06,YYAMYGEKVAHTHVDTLYVRYHYYTWAVLAYTWY,1,1.0
YKVAYQATV,RRVDYQATF,"1|Y/R,2|K/R,4|A/D,9|V/F",4,0.5555555555555556,HLA-A*02:06,YYAMYGEKVAHTHVDTLYVRYHYYTWAVLAYTWY,0,0.0022
YKVAYQATV,ARVDYQATY,"1|Y/A,2|K/R,4|A/D,9|V/Y",4,0.5555555555555556,HLA-A*02:06,YYAMYGEKVAHTHVDTLYVRYHYYTWAVLAYTWY,1,0.6707
YKVAYQATV,RRVEYQATF,"1|Y/R,2|K/R,4|A/E,9|V/F",4,0.5555555555555556,HLA-A*02:06,YYAMYGEKVAHTHVDTLYVRYHYYTWAVLAYTWY,0,0.0147
YKVAYQATV,YRVEYQASL,"2|K/R,4|A/E,8|T/S,9|V/L",4,0.5555555555555556,HLA-A*02:06,YYAMYGEKVAHTHVDTLYVRYHYYTWAVLAYTWY,1,0.9997
YKVAYQATV,ARDAYQATL,"1|Y/A,2|K/R,3|V/D,9|V/L",4,0.5555555555555556,HLA-A*02:06,YYAMYGEKVAHTHVDTLYVRYHYYTWAVLAYTWY,0,0.0032
YKVAYQATV,YEVPYQASY,"2|K/E,4|A/P,8|T/S,9|V/Y",4,0.5555555555555556,HLA-A*02:06,YYAMYGEKVAHTHVDTLYVRYHYYTWAVLAYTWY,1,0.9963
YKVAYQATV,ALVPYQATY,"1|Y/A,2|K/L,4|A/P,9|V/Y",4,0.5555555555555556,HLA-A*02:06,YYAMYGEKVAHTHVDTLYVRYHYYTWAVLAYTWY,1,1.0
YKVAYQATV,SRVPYQATY,"1|Y/S,2|K/R,4|A/P,9|V/Y",4,0.5555555555555556,HLA-A*02:06,YYAMYGEKVAHTHVDTLYVRYHYYTWAVLAYTWY,0,0.0193
YKVAYQATV,ARAAYQATF,"1|Y/A,2|K/R,3|V/A,9|V/F",4,0.5555555555555556,HLA-A*02:06,YYAMYGEKVAHTHVDTLYVRYHYYTWAVLAYTWY,0,1e-04
YKVAYQATV,ARVDYQATL,"1|Y/A,2|K/R,4|A/D,9|V/L",4,0.5555555555555556,HLA-A*02:06,YYAMYGEKVAHTHVDTLYVRYHYYTWAVLAYTWY,1,0.9547
YKVAYQATV,SLVDYQATF,"1|Y/S,2|K/L,4|A/D,9|V/F",4,0.5555555555555556,HLA-A*02:06,YYAMYGEKVAHTHVDTLYVRYHYYTWAVLAYTWY,1,0.9999
YKVAYQATV,ALVEYQATY,"1|Y/A,2|K/L,4|A/E,9|V/Y",4,0.5555555555555556,HLA-A*02:06,YYAMYGEKVAHTHVDTLYVRYHYYTWAVLAYTWY,1,1.0
YKVAYQATV,SEVDYQATL,"1|Y/S,2|K/E,4|A/D,9|V/L",4,0.5555555555555556,HLA-A*02:06,YYAMYGEKVAHTHVDTLYVRYHYYTWAVLAYTWY,1,0.9945
YKVAYQATV,YEVEYQAAL,"2|K/E,4|A/E,8|T/A,9|V/L",4,0.5555555555555556,HLA-A*02:06,YYAMYGEKVAHTHVDTLYVRYHYYTWAVLAYTWY,1,0.9999
YKVAYQATV,SRVPYQATF,"1|Y/S,2|K/R,4|A/P,9|V/F",4,0.5555555555555556,HLA-A*02:06,YYAMYGEKVAHTHVDTLYVRYHYYTWAVLAYTWY,0,0.0043
YKVAYQATV,AELAYQATY,"1|Y/A,2|K/E,3|V/L,9|V/Y",4,0.5555555555555556,HLA-A*02:06,YYAMYGEKVAHTHVDTLYVRYHYYTWAVLAYTWY,1,0.9923
YKVAYQATV,SLVPYQATL,"1|Y/S,2|K/L,4|A/P,9|V/L",4,0.5555555555555556,HLA-A*02:06,YYAMYGEKVAHTHVDTLYVRYHYYTWAVLAYTWY,1,1.0
YKVAYQATV,SRDAYQATL,"1|Y/S,2|K/R,3|V/D,9|V/L",4,0.5555555555555556,HLA-A*02:06,YYAMYGEKVAHTHVDTLYVRYHYYTWAVLAYTWY,0,0.0051
YKVAYQATV,ALVDYQATL,"1|Y/A,2|K/L,4|A/D,9|V/L",4,0.5555555555555556,HLA-A*02:06,YYAMYGEKVAHTHVDTLYVRYHYYTWAVLAYTWY,1,1.0
YKVAYQATV,REVDYQATY,"1|Y/R,2|K/E,4|A/D,9|V/Y",4,0.5555555555555556,HLA-A*02:06,YYAMYGEKVAHTHVDTLYVRYHYYTWAVLAYTWY,1,0.9955
YKVAYQATV,SEAAYQATY,"1|Y/S,2|K/E,3|V/A,9|V/Y",4,0.5555555555555556,HLA-A*02:06,YYAMYGEKVAHTHVDTLYVRYHYYTWAVLAYTWY,0,0.0531
YKVAYQATV,SELAYQATF,"1|Y/S,2|K/E,3|V/L,9|V/F",4,0.5555555555555556,HLA-A*02:06,YYAMYGEKVAHTHVDTLYVRYHYYTWAVLAYTWY,0,0.0004
YKVAYQATV,RLVDYQATL,"1|Y/R,2|K/L,4|A/D,9|V/L",4,0.5555555555555556,HLA-A*02:06,YYAMYGEKVAHTHVDTLYVRYHYYTWAVLAYTWY,1,1.0
YKVAYQATV,AELAYQATF,"1|Y/A,2|K/E,3|V/L,9|V/F",4,0.5555555555555556,HLA-A*02:06,YYAMYGEKVAHTHVDTLYVRYHYYTWAVLAYTWY,0,0.0091
YKVAYQATV,RLLAYQATL,"1|Y/R,2|K/L,3|V/L,9|V/L",4,0.5555555555555556,HLA-A*02:06,YYAMYGEKVAHTHVDTLYVRYHYYTWAVLAYTWY,1,1.0
YKVAYQATV,RRVEYQATL,"1|Y/R,2|K/R,4|A/E,9|V/L",4,0.5555555555555556,HLA-A*02:06,YYAMYGEKVAHTHVDTLYVRYHYYTWAVLAYTWY,1,0.9441
YKVAYQATV,SRLAYQATY,"1|Y/S,2|K/R,3|V/L,9|V/Y",4,0.5555555555555556,HLA-A*02:06,YYAMYGEKVAHTHVDTLYVRYHYYTWAVLAYTWY,0,0.0004
YKVAYQATV,YRVDYQASF,"2|K/R,4|A/D,8|T/S,9|V/F",4,0.5555555555555556,HLA-A*02:06,YYAMYGEKVAHTHVDTLYVRYHYYTWAVLAYTWY,0,0.2432
YKVAYQATV,RLAAYQATF,"1|Y/R,2|K/L,3|V/A,9|V/F",4,0.5555555555555556,HLA-A*02:06,YYAMYGEKVAHTHVDTLYVRYHYYTWAVLAYTWY,1,0.9935
YKVAYQATV,AEAAYQATF,"1|Y/A,2|K/E,3|V/A,9|V/F",4,0.5555555555555556,HLA-A*02:06,YYAMYGEKVAHTHVDTLYVRYHYYTWAVLAYTWY,0,0.0153
YKVAYQATV,RLVEYQATL,"1|Y/R,2|K/L,4|A/E,9|V/L",4,0.5555555555555556,HLA-A*02:06,YYAMYGEKVAHTHVDTLYVRYHYYTWAVLAYTWY,1,1.0
YKVAYQATV,YLVPYQAAL,"2|K/L,4|A/P,8|T/A,9|V/L",4,0.5555555555555556,HLA-A*02:06,YYAMYGEKVAHTHVDTLYVRYHYYTWAVLAYTWY,1,1.0
YKVAYQATV,SLAAYQATL,"1|Y/S,2|K/L,3|V/A,9|V/L",4,0.5555555555555556,HLA-A*02:06,YYAMYGEKVAHTHVDTLYVRYHYYTWAVLAYTWY,1,1.0
YKVAYQATV,SELAYQATL,"1|Y/S,2|K/E,3|V/L,9|V/L",4,0.5555555555555556,HLA-A*02:06,YYAMYGEKVAHTHVDTLYVRYHYYTWAVLAYTWY,1,0.7734
YKVAYQATV,YLVDYQASY,"2|K/L,4|A/D,8|T/S,9|V/Y",4,0.5555555555555556,HLA-A*02:06,YYAMYGEKVAHTHVDTLYVRYHYYTWAVLAYTWY,1,1.0
YKVAYQATV,ARDAYQATY,"1|Y/A,2|K/R,3|V/D,9|V/Y",4,0.5555555555555556,HLA-A*02:06,YYAMYGEKVAHTHVDTLYVRYHYYTWAVLAYTWY,0,0.0095
YKVAYQATV,SLVPYQATY,"1|Y/S,2|K/L,4|A/P,9|V/Y",4,0.5555555555555556,HLA-A*02:06,YYAMYGEKVAHTHVDTLYVRYHYYTWAVLAYTWY,1,1.0
YKVAYQATV,YRVEYQASF,"2|K/R,4|A/E,8|T/S,9|V/F",4,0.5555555555555556,HLA-A*02:06,YYAMYGEKVAHTHVDTLYVRYHYYTWAVLAYTWY,0,0.2706
YKVAYQATV,RLVPYQATL,"1|Y/R,2|K/L,4|A/P,9|V/L",4,0.5555555555555556,HLA-A*02:06,YYAMYGEKVAHTHVDTLYVRYHYYTWAVLAYTWY,1,1.0
YKVAYQATV,AEDAYQATY,"1|Y/A,2|K/E,3|V/D,9|V/Y",4,0.5555555555555556,HLA-A*02:06,YYAMYGEKVAHTHVDTLYVRYHYYTWAVLAYTWY,1,0.9839
YKVAYQATV,ARVPYQATY,"1|Y/A,2|K/R,4|A/P,9|V/Y",4,0.5555555555555556,HLA-A*02:06,YYAMYGEKVAHTHVDTLYVRYHYYTWAVLAYTWY,1,0.8935
YKVAYQATV,RRDAYQATY,"1|Y/R,2|K/R,3|V/D,9|V/Y",4,0.5555555555555556,HLA-A*02:06,YYAMYGEKVAHTHVDTLYVRYHYYTWAVLAYTWY,0,0.0
YKVAYQATV,RELAYQATL,"1|Y/R,2|K/E,3|V/L,9|V/L",4,0.5555555555555556,HLA-A*02:06,YYAMYGEKVAHTHVDTLYVRYHYYTWAVLAYTWY,1,0.7924
YKVAYQATV,ARAAYQATL,"1|Y/A,2|K/R,3|V/A,9|V/L",4,0.5555555555555556,HLA-A*02:06,YYAMYGEKVAHTHVDTLYVRYHYYTWAVLAYTWY,0,0.0037
YKVAYQATV,RRDAYQATL,"1|Y/R,2|K/R,3|V/D,9|V/L",4,0.5555555555555556,HLA-A*02:06,YYAMYGEKVAHTHVDTLYVRYHYYTWAVLAYTWY,0,0.008
YKVAYQATV,AEVEYQATL,"1|Y/A,2|K/E,4|A/E,9|V/L",4,0.5555555555555556,HLA-A*02:06,YYAMYGEKVAHTHVDTLYVRYHYYTWAVLAYTWY,1,0.9933
YKVAYQATV,YLVDYQAAY,"2|K/L,4|A/D,8|T/A,9|V/Y",4,0.5555555555555556,HLA-A*02:06,YYAMYGEKVAHTHVDTLYVRYHYYTWAVLAYTWY,1,1.0
YKVAYQATV,AEVDYQATF,"1|Y/A,2|K/E,4|A/D,9|V/F",4,0.5555555555555556,HLA-A*02:06,YYAMYGEKVAHTHVDTLYVRYHYYTWAVLAYTWY,1,0.9234
YKVAYQATV,YRVPYQAAF,"2|K/R,4|A/P,8|T/A,9|V/F",4,0.5555555555555556,HLA-A*02:06,YYAMYGEKVAHTHVDTLYVRYHYYTWAVLAYTWY,1,0.5277
YKVAYQATV,REVPYQATF,"1|Y/R,2|K/E,4|A/P,9|V/F",4,0.5555555555555556,HLA-A*02:06,YYAMYGEKVAHTHVDTLYVRYHYYTWAVLAYTWY,1,0.9812
YKVAYQATV,ALLAYQATF,"1|Y/A,2|K/L,3|V/L,9|V/F",4,0.5555555555555556,HLA-A*02:06,YYAMYGEKVAHTHVDTLYVRYHYYTWAVLAYTWY,1,0.9931
YKVAYQATV,ARAAYQATY,"1|Y/A,2|K/R,3|V/A,9|V/Y",4,0.5555555555555556,HLA-A*02:06,YYAMYGEKVAHTHVDTLYVRYHYYTWAVLAYTWY,0,0.001
YKVAYQATV,ALAAYQATL,"1|Y/A,2|K/L,3|V/A,9|V/L",4,0.5555555555555556,HLA-A*02:06,YYAMYGEKVAHTHVDTLYVRYHYYTWAVLAYTWY,1,1.0
YKVAYQATV,AEDAYQATF,"1|Y/A,2|K/E,3|V/D,9|V/F",4,0.5555555555555556,HLA-A*02:06,YYAMYGEKVAHTHVDTLYVRYHYYTWAVLAYTWY,0,0.0051
YKVAYQATV,RLVPYQATY,"1|Y/R,2|K/L,4|A/P,9|V/Y",4,0.5555555555555556,HLA-A*02:06,YYAMYGEKVAHTHVDTLYVRYHYYTWAVLAYTWY,1,1.0
YKVAYQATV,ALAAYQATY,"1|Y/A,2|K/L,3|V/A,9|V/Y",4,0.5555555555555556,HLA-A*02:06,YYAMYGEKVAHTHVDTLYVRYHYYTWAVLAYTWY,1,1.0
YKVAYQATV,YLVEYQAAF,"2|K/L,4|A/E,8|T/A,9|V/F",4,0.5555555555555556,HLA-A*02:06,YYAMYGEKVAHTHVDTLYVRYHYYTWAVLAYTWY,1,0.9999
YKVAYQATV,YRVPYQASY,"2|K/R,4|A/P,8|T/S,9|V/Y",4,0.5555555555555556,HLA-A*02:06,YYAMYGEKVAHTHVDTLYVRYHYYTWAVLAYTWY,1,0.979
YKVAYQATV,RRAAYQATL,"1|Y/R,2|K/R,3|V/A,9|V/L",4,0.5555555555555556,HLA-A*02:06,YYAMYGEKVAHTHVDTLYVRYHYYTWAVLAYTWY,0,0.0164
YKVAYQATV,YEVDYQASY,"2|K/E,4|A/D,8|T/S,9|V/Y",4,0.5555555555555556,HLA-A*02:06,YYAMYGEKVAHTHVDTLYVRYHYYTWAVLAYTWY,1,0.9996
YKVAYQATV,REVEYQATL,"1|Y/R,2|K/E,4|A/E,9|V/L",4,0.5555555555555556,HLA-A*02:06,YYAMYGEKVAHTHVDTLYVRYHYYTWAVLAYTWY,1,0.9946
YKVAYQATV,ALDAYQATY,"1|Y/A,2|K/L,3|V/D,9|V/Y",4,0.5555555555555556,HLA-A*02:06,YYAMYGEKVAHTHVDTLYVRYHYYTWAVLAYTWY,1,0.9998
YKVAYQATV,RLLAYQATF,"1|Y/R,2|K/L,3|V/L,9|V/F",4,0.5555555555555556,HLA-A*02:06,YYAMYGEKVAHTHVDTLYVRYHYYTWAVLAYTWY,1,0.9991
YKVAYQATV,SRAAYQATY,"1|Y/S,2|K/R,3|V/A,9|V/Y",4,0.5555555555555556,HLA-A*02:06,YYAMYGEKVAHTHVDTLYVRYHYYTWAVLAYTWY,0,0.0
YKVAYQATV,SLAAYQATY,"1|Y/S,2|K/L,3|V/A,9|V/Y",4,0.5555555555555556,HLA-A*02:06,YYAMYGEKVAHTHVDTLYVRYHYYTWAVLAYTWY,1,0.999
YKVAYQATV,YRVDYQAAY,"2|K/R,4|A/D,8|T/A,9|V/Y",4,0.5555555555555556,HLA-A*02:06,YYAMYGEKVAHTHVDTLYVRYHYYTWAVLAYTWY,0,0.247
YKVAYQATV,REVPYQATL,"1|Y/R,2|K/E,4|A/P,9|V/L",4,0.5555555555555556,HLA-A*02:06,YYAMYGEKVAHTHVDTLYVRYHYYTWAVLAYTWY,1,0.9927
YKVAYQATV,RRLAYQATY,"1|Y/R,2|K/R,3|V/L,9|V/Y",4,0.5555555555555556,HLA-A*02:06,YYAMYGEKVAHTHVDTLYVRYHYYTWAVLAYTWY,0,0.0005
YKVAYQATV,REAAYQATY,"1|Y/R,2|K/E,3|V/A,9|V/Y",4,0.5555555555555556,HLA-A*02:06,YYAMYGEKVAHTHVDTLYVRYHYYTWAVLAYTWY,0,0.0998
YKVAYQATV,YLVEYQASL,"2|K/L,4|A/E,8|T/S,9|V/L",4,0.5555555555555556,HLA-A*02:06,YYAMYGEKVAHTHVDTLYVRYHYYTWAVLAYTWY,1,1.0
YKVAYQATV,AEVDYQATL,"1|Y/A,2|K/E,4|A/D,9|V/L",4,0.5555555555555556,HLA-A*02:06,YYAMYGEKVAHTHVDTLYVRYHYYTWAVLAYTWY,1,0.9909
YKVAYQATV,SEVPYQATL,"1|Y/S,2|K/E,4|A/P,9|V/L",4,0.5555555555555556,HLA-A*02:06,YYAMYGEKVAHTHVDTLYVRYHYYTWAVLAYTWY,1,0.9013
YKVAYQATV,SRVEYQATF,"1|Y/S,2|K/R,4|A/E,9|V/F",4,0.5555555555555556,HLA-A*02:06,YYAMYGEKVAHTHVDTLYVRYHYYTWAVLAYTWY,0,0.0024
YKVAYQATV,RLLAYQATY,"1|Y/R,2|K/L,3|V/L,9|V/Y",4,0.5555555555555556,HLA-A*02:06,YYAMYGEKVAHTHVDTLYVRYHYYTWAVLAYTWY,1,1.0
YKVAYQATV,RRAAYQATF,"1|Y/R,2|K/R,3|V/A,9|V/F",4,0.5555555555555556,HLA-A*02:06,YYAMYGEKVAHTHVDTLYVRYHYYTWAVLAYTWY,0,0.0
YKVAYQATV,ALVPYQATL,"1|Y/A,2|K/L,4|A/P,9|V/L",4,0.5555555555555556,HLA-A*02:06,YYAMYGEKVAHTHVDTLYVRYHYYTWAVLAYTWY,1,1.0
YKVAYQATV,SEVDYQATY,"1|Y/S,2|K/E,4|A/D,9|V/Y",4,0.5555555555555556,HLA-A*02:06,YYAMYGEKVAHTHVDTLYVRYHYYTWAVLAYTWY,1,0.9623
YKVAYQATV,YRVDYQASL,"2|K/R,4|A/D,8|T/S,9|V/L",4,0.5555555555555556,HLA-A*02:06,YYAMYGEKVAHTHVDTLYVRYHYYTWAVLAYTWY,1,0.9998
YKVAYQATV,SRDAYQATF,"1|Y/S,2|K/R,3|V/D,9|V/F",4,0.5555555555555556,HLA-A*02:06,YYAMYGEKVAHTHVDTLYVRYHYYTWAVLAYTWY,0,0.0
YKVAYQATV,YEVDYQAAY,"2|K/E,4|A/D,8|T/A,9|V/Y",4,0.5555555555555556,HLA-A*02:06,YYAMYGEKVAHTHVDTLYVRYHYYTWAVLAYTWY,1,0.9976
YKVAYQATV,ARDAYQATF,"1|Y/A,2|K/R,3|V/D,9|V/F",4,0.5555555555555556,HLA-A*02:06,YYAMYGEKVAHTHVDTLYVRYHYYTWAVLAYTWY,0,0.0
YKVAYQATV,RRVPYQATY,"1|Y/R,2|K/R,4|A/P,9|V/Y",4,0.5555555555555556,HLA-A*02:06,YYAMYGEKVAHTHVDTLYVRYHYYTWAVLAYTWY,0,0.0395
YKVAYQATV,ARLAYQATY,"1|Y/A,2|K/R,3|V/L,9|V/Y",4,0.5555555555555556,HLA-A*02:06,YYAMYGEKVAHTHVDTLYVRYHYYTWAVLAYTWY,0,0.0275
YKVAYQATV,ALVDYQATF,"1|Y/A,2|K/L,4|A/D,9|V/F",4,0.5555555555555556,HLA-A*02:06,YYAMYGEKVAHTHVDTLYVRYHYYTWAVLAYTWY,1,1.0
YKVAYQATV,RLDAYQATY,"1|Y/R,2|K/L,3|V/D,9|V/Y",4,0.5555555555555556,HLA-A*02:06,YYAMYGEKVAHTHVDTLYVRYHYYTWAVLAYTWY,1,0.9999
YKVAYQATV,YLVPYQASL,"2|K/L,4|A/P,8|T/S,9|V/L",4,0.5555555555555556,HLA-A*02:06,YYAMYGEKVAHTHVDTLYVRYHYYTWAVLAYTWY,1,1.0
YKVAYQATV,SLVDYQATY,"1|Y/S,2|K/L,4|A/D,9|V/Y",4,0.5555555555555556,HLA-A*02:06,YYAMYGEKVAHTHVDTLYVRYHYYTWAVLAYTWY,1,1.0
YKVAYQATV,SRVEYQATL,"1|Y/S,2|K/R,4|A/E,9|V/L",4,0.5555555555555556,HLA-A*02:06,YYAMYGEKVAHTHVDTLYVRYHYYTWAVLAYTWY,1,0.938
YKVAYQATV,YRVDYQASY,"2|K/R,4|A/D,8|T/S,9|V/Y",4,0.5555555555555556,HLA-A*02:06,YYAMYGEKVAHTHVDTLYVRYHYYTWAVLAYTWY,1,0.9581
YKVAYQATV,SRVDYQATF,"1|Y/S,2|K/R,4|A/D,9|V/F",4,0.5555555555555556,HLA-A*02:06,YYAMYGEKVAHTHVDTLYVRYHYYTWAVLAYTWY,0,0.0027
YKVAYQATV,RELAYQATY,"1|Y/R,2|K/E,3|V/L,9|V/Y",4,0.5555555555555556,HLA-A*02:06,YYAMYGEKVAHTHVDTLYVRYHYYTWAVLAYTWY,1,0.5407
YKVAYQATV,ALVPYQATF,"1|Y/A,2|K/L,4|A/P,9|V/F",4,0.5555555555555556,HLA-A*02:06,YYAMYGEKVAHTHVDTLYVRYHYYTWAVLAYTWY,1,0.9973
YKVAYQATV,YEVEYQAAY,"2|K/E,4|A/E,8|T/A,9|V/Y",4,0.5555555555555556,HLA-A*02:06,YYAMYGEKVAHTHVDTLYVRYHYYTWAVLAYTWY,1,0.9892
YKVAYQATV,SELAYQATY,"1|Y/S,2|K/E,3|V/L,9|V/Y",4,0.5555555555555556,HLA-A*02:06,YYAMYGEKVAHTHVDTLYVRYHYYTWAVLAYTWY,1,0.518
YKVAYQATV,YEVEYQASL,"2|K/E,4|A/E,8|T/S,9|V/L",4,0.5555555555555556,HLA-A*02:06,YYAMYGEKVAHTHVDTLYVRYHYYTWAVLAYTWY,1,1.0
YKVAYQATV,RRDAYQATF,"1|Y/R,2|K/R,3|V/D,9|V/F",4,0.5555555555555556,HLA-A*02:06,YYAMYGEKVAHTHVDTLYVRYHYYTWAVLAYTWY,0,0.0
YKVAYQATV,SLLAYQATL,"1|Y/S,2|K/L,3|V/L,9|V/L",4,0.5555555555555556,HLA-A*02:06,YYAMYGEKVAHTHVDTLYVRYHYYTWAVLAYTWY,1,1.0
YKVAYQATV,ARVPYQATF,"1|Y/A,2|K/R,4|A/P,9|V/F",4,0.5555555555555556,HLA-A*02:06,YYAMYGEKVAHTHVDTLYVRYHYYTWAVLAYTWY,0,0.1932
YKVAYQATV,REVEYQATY,"1|Y/R,2|K/E,4|A/E,9|V/Y",4,0.5555555555555556,HLA-A*02:06,YYAMYGEKVAHTHVDTLYVRYHYYTWAVLAYTWY,1,0.9987
YKVAYQATV,RLVEYQATY,"1|Y/R,2|K/L,4|A/E,9|V/Y",4,0.5555555555555556,HLA-A*02:06,YYAMYGEKVAHTHVDTLYVRYHYYTWAVLAYTWY,1,1.0
YKVAYQATV,YLVEYQASY,"2|K/L,4|A/E,8|T/S,9|V/Y",4,0.5555555555555556,HLA-A*02:06,YYAMYGEKVAHTHVDTLYVRYHYYTWAVLAYTWY,1,1.0
YKVAYQATV,YEVEYQASF,"2|K/E,4|A/E,8|T/S,9|V/F",4,0.5555555555555556,HLA-A*02:06,YYAMYGEKVAHTHVDTLYVRYHYYTWAVLAYTWY,1,0.6325
YKVAYQATV,SRLAYQATL,"1|Y/S,2|K/R,3|V/L,9|V/L",4,0.5555555555555556,HLA-A*02:06,YYAMYGEKVAHTHVDTLYVRYHYYTWAVLAYTWY,0,0.0279
YKVAYQATV,AEAAYQATY,"1|Y/A,2|K/E,3|V/A,9|V/Y",4,0.5555555555555556,HLA-A*02:06,YYAMYGEKVAHTHVDTLYVRYHYYTWAVLAYTWY,1,0.9948
YKVAYQATV,YRVPYQASF,"2|K/R,4|A/P,8|T/S,9|V/F",4,0.5555555555555556,HLA-A*02:06,YYAMYGEKVAHTHVDTLYVRYHYYTWAVLAYTWY,1,0.8607
YKVAYQATV,SLVEYQATL,"1|Y/S,2|K/L,4|A/E,9|V/L",4,0.5555555555555556,HLA-A*02:06,YYAMYGEKVAHTHVDTLYVRYHYYTWAVLAYTWY,1,1.0
YKVAYQATV,YEVEYQAAF,"2|K/E,4|A/E,8|T/A,9|V/F",4,0.5555555555555556,HLA-A*02:06,YYAMYGEKVAHTHVDTLYVRYHYYTWAVLAYTWY,0,0.0844
YKVAYQATV,YLVEYQAAL,"2|K/L,4|A/E,8|T/A,9|V/L",4,0.5555555555555556,HLA-A*02:06,YYAMYGEKVAHTHVDTLYVRYHYYTWAVLAYTWY,1,1.0
YKVAYQATV,YLVDYQAAF,"2|K/L,4|A/D,8|T/A,9|V/F",4,0.5555555555555556,HLA-A*02:06,YYAMYGEKVAHTHVDTLYVRYHYYTWAVLAYTWY,1,0.9999
YKVAYQATV,SLVDYQATL,"1|Y/S,2|K/L,4|A/D,9|V/L",4,0.5555555555555556,HLA-A*02:06,YYAMYGEKVAHTHVDTLYVRYHYYTWAVLAYTWY,1,1.0
YKVAYQATV,REDAYQATL,"1|Y/R,2|K/E,3|V/D,9|V/L",4,0.5555555555555556,HLA-A*02:06,YYAMYGEKVAHTHVDTLYVRYHYYTWAVLAYTWY,0,0.2576
YKVAYQATV,SEAAYQATF,"1|Y/S,2|K/E,3|V/A,9|V/F",4,0.5555555555555556,HLA-A*02:06,YYAMYGEKVAHTHVDTLYVRYHYYTWAVLAYTWY,0,0.0002
YKVAYQATV,REAAYQATF,"1|Y/R,2|K/E,3|V/A,9|V/F",4,0.5555555555555556,HLA-A*02:06,YYAMYGEKVAHTHVDTLYVRYHYYTWAVLAYTWY,0,0.0079
YKVAYQATV,RRVEYQATY,"1|Y/R,2|K/R,4|A/E,9|V/Y",4,0.5555555555555556,HLA-A*02:06,YYAMYGEKVAHTHVDTLYVRYHYYTWAVLAYTWY,1,0.5391
YKVAYQATV,ALDAYQATF,"1|Y/A,2|K/L,3|V/D,9|V/F",4,0.5555555555555556,HLA-A*02:06,YYAMYGEKVAHTHVDTLYVRYHYYTWAVLAYTWY,1,0.9713
YKVAYQATV,SRVEYQATY,"1|Y/S,2|K/R,4|A/E,9|V/Y",4,0.5555555555555556,HLA-A*02:06,YYAMYGEKVAHTHVDTLYVRYHYYTWAVLAYTWY,0,0.0774
YKVAYQATV,YRVDYQAAL,"2|K/R,4|A/D,8|T/A,9|V/L",4,0.5555555555555556,HLA-A*02:06,YYAMYGEKVAHTHVDTLYVRYHYYTWAVLAYTWY,1,0.9913
YKVAYQATV,RLVEYQATF,"1|Y/R,2|K/L,4|A/E,9|V/F",4,0.5555555555555556,HLA-A*02:06,YYAMYGEKVAHTHVDTLYVRYHYYTWAVLAYTWY,1,1.0
YKVAYQATV,SRAAYQATF,"1|Y/S,2|K/R,3|V/A,9|V/F",4,0.5555555555555556,HLA-A*02:06,YYAMYGEKVAHTHVDTLYVRYHYYTWAVLAYTWY,0,0.0
YKVAYQATV,YLVPYQASF,"2|K/L,4|A/P,8|T/S,9|V/F",4,0.5555555555555556,HLA-A*02:06,YYAMYGEKVAHTHVDTLYVRYHYYTWAVLAYTWY,1,1.0
YKVAYQATV,SLLAYQATY,"1|Y/S,2|K/L,3|V/L,9|V/Y",4,0.5555555555555556,HLA-A*02:06,YYAMYGEKVAHTHVDTLYVRYHYYTWAVLAYTWY,1,0.9993
YKVAYQATV,REVEYQATF,"1|Y/R,2|K/E,4|A/E,9|V/F",4,0.5555555555555556,HLA-A*02:06,YYAMYGEKVAHTHVDTLYVRYHYYTWAVLAYTWY,1,0.9409
YKVAYQATV,RRLAYQATL,"1|Y/R,2|K/R,3|V/L,9|V/L",4,0.5555555555555556,HLA-A*02:06,YYAMYGEKVAHTHVDTLYVRYHYYTWAVLAYTWY,0,0.4261
YKVAYQATV,REDAYQATF,"1|Y/R,2|K/E,3|V/D,9|V/F",4,0.5555555555555556,HLA-A*02:06,YYAMYGEKVAHTHVDTLYVRYHYYTWAVLAYTWY,0,0.0401
YKVAYQATV,ARVEYQATL,"1|Y/A,2|K/R,4|A/E,9|V/L",4,0.5555555555555556,HLA-A*02:06,YYAMYGEKVAHTHVDTLYVRYHYYTWAVLAYTWY,1,0.8557
YKVAYQATV,SLDAYQATY,"1|Y/S,2|K/L,3|V/D,9|V/Y",4,0.5555555555555556,HLA-A*02:06,YYAMYGEKVAHTHVDTLYVRYHYYTWAVLAYTWY,1,0.9993
YKVAYQATV,ALVDYQATY,"1|Y/A,2|K/L,4|A/D,9|V/Y",4,0.5555555555555556,HLA-A*02:06,YYAMYGEKVAHTHVDTLYVRYHYYTWAVLAYTWY,1,1.0
YKVAYQATV,AEDAYQATL,"1|Y/A,2|K/E,3|V/D,9|V/L",4,0.5555555555555556,HLA-A*02:06,YYAMYGEKVAHTHVDTLYVRYHYYTWAVLAYTWY,1,0.7486
YKVAYQATV,SEVDYQATF,"1|Y/S,2|K/E,4|A/D,9|V/F",4,0.5555555555555556,HLA-A*02:06,YYAMYGEKVAHTHVDTLYVRYHYYTWAVLAYTWY,0,0.3132
YKVAYQATV,AEVEYQATY,"1|Y/A,2|K/E,4|A/E,9|V/Y",4,0.5555555555555556,HLA-A*02:06,YYAMYGEKVAHTHVDTLYVRYHYYTWAVLAYTWY,1,1.0
YKVAYQATV,RRVPYQATL,"1|Y/R,2|K/R,4|A/P,9|V/L",4,0.5555555555555556,HLA-A*02:06,YYAMYGEKVAHTHVDTLYVRYHYYTWAVLAYTWY,1,0.6125
YKVAYQATV,REVDYQATL,"1|Y/R,2|K/E,4|A/D,9|V/L",4,0.5555555555555556,HLA-A*02:06,YYAMYGEKVAHTHVDTLYVRYHYYTWAVLAYTWY,1,0.9942
YKVAYQATV,YRVEYQAAY,"2|K/R,4|A/E,8|T/A,9|V/Y",4,0.5555555555555556,HLA-A*02:06,YYAMYGEKVAHTHVDTLYVRYHYYTWAVLAYTWY,0,0.496
YKVAYQATV,YEVDYQASL,"2|K/E,4|A/D,8|T/S,9|V/L",4,0.5555555555555556,HLA-A*02:06,YYAMYGEKVAHTHVDTLYVRYHYYTWAVLAYTWY,1,1.0
YKVAYQATV,ARVEYQATF,"1|Y/A,2|K/R,4|A/E,9|V/F",4,0.5555555555555556,HLA-A*02:06,YYAMYGEKVAHTHVDTLYVRYHYYTWAVLAYTWY,0,0.0141
YKVAYQATV,YRVPYQASL,"2|K/R,4|A/P,8|T/S,9|V/L",4,0.5555555555555556,HLA-A*02:06,YYAMYGEKVAHTHVDTLYVRYHYYTWAVLAYTWY,1,0.9998
YKVAYQATV,SEDAYQATF,"1|Y/S,2|K/E,3|V/D,9|V/F",4,0.5555555555555556,HLA-A*02:06,YYAMYGEKVAHTHVDTLYVRYHYYTWAVLAYTWY,0,1e-04
YKVAYQATV,YLVDYQASL,"2|K/L,4|A/D,8|T/S,9|V/L",4,0.5555555555555556,HLA-A*02:06,YYAMYGEKVAHTHVDTLYVRYHYYTWAVLAYTWY,1,1.0
YKVAYQATV,YEVDYQASF,"2|K/E,4|A/D,8|T/S,9|V/F",4,0.5555555555555556,HLA-A*02:06,YYAMYGEKVAHTHVDTLYVRYHYYTWAVLAYTWY,1,0.9418
YKVAYQATV,YRVEYQAAF,"2|K/R,4|A/E,8|T/A,9|V/F",4,0.5555555555555556,HLA-A*02:06,YYAMYGEKVAHTHVDTLYVRYHYYTWAVLAYTWY,0,0.0141
YKVAYQATV,ALVEYQATL,"1|Y/A,2|K/L,4|A/E,9|V/L",4,0.5555555555555556,HLA-A*02:06,YYAMYGEKVAHTHVDTLYVRYHYYTWAVLAYTWY,1,1.0
YKVAYQATV,YEVDYQAAL,"2|K/E,4|A/D,8|T/A,9|V/L",4,0.5555555555555556,HLA-A*02:06,YYAMYGEKVAHTHVDTLYVRYHYYTWAVLAYTWY,1,0.9999
YKVAYQATV,YRVEYQASY,"2|K/R,4|A/E,8|T/S,9|V/Y",4,0.5555555555555556,HLA-A*02:06,YYAMYGEKVAHTHVDTLYVRYHYYTWAVLAYTWY,1,0.9569
YKVAYQATV,YLVEYQAAY,"2|K/L,4|A/E,8|T/A,9|V/Y",4,0.5555555555555556,HLA-A*02:06,YYAMYGEKVAHTHVDTLYVRYHYYTWAVLAYTWY,1,1.0
YKVAYQATV,YLVDYQAAL,"2|K/L,4|A/D,8|T/A,9|V/L",4,0.5555555555555556,HLA-A*02:06,YYAMYGEKVAHTHVDTLYVRYHYYTWAVLAYTWY,1,1.0
YKVAYQATV,ARVDYQATF,"1|Y/A,2|K/R,4|A/D,9|V/F",4,0.5555555555555556,HLA-A*02:06,YYAMYGEKVAHTHVDTLYVRYHYYTWAVLAYTWY,0,0.0322
YKVAYQATV,RLAAYQATY,"1|Y/R,2|K/L,3|V/A,9|V/Y",4,0.5555555555555556,HLA-A*02:06,YYAMYGEKVAHTHVDTLYVRYHYYTWAVLAYTWY,1,1.0
YKVAYQATV,REVPYQATY,"1|Y/R,2|K/E,4|A/P,9|V/Y",4,0.5555555555555556,HLA-A*02:06,YYAMYGEKVAHTHVDTLYVRYHYYTWAVLAYTWY,1,0.9412
YKVAYQATV,RLDAYQATL,"1|Y/R,2|K/L,3|V/D,9|V/L",4,0.5555555555555556,HLA-A*02:06,YYAMYGEKVAHTHVDTLYVRYHYYTWAVLAYTWY,1,1.0
YKVAYQATV,SLVEYQATY,"1|Y/S,2|K/L,4|A/E,9|V/Y",4,0.5555555555555556,HLA-A*02:06,YYAMYGEKVAHTHVDTLYVRYHYYTWAVLAYTWY,1,1.0
YKVAYQATV,YEVEYQASY,"2|K/E,4|A/E,8|T/S,9|V/Y",4,0.5555555555555556,HLA-A*02:06,YYAMYGEKVAHTHVDTLYVRYHYYTWAVLAYTWY,1,0.9957
YKVAYQATV,REAAYQATL,"1|Y/R,2|K/E,3|V/A,9|V/L",4,0.5555555555555556,HLA-A*02:06,YYAMYGEKVAHTHVDTLYVRYHYYTWAVLAYTWY,0,0.334
YKVAYQATV,ALDAYQATL,"1|Y/A,2|K/L,3|V/D,9|V/L",4,0.5555555555555556,HLA-A*02:06,YYAMYGEKVAHTHVDTLYVRYHYYTWAVLAYTWY,1,1.0
YKVAYQATV,SEVEYQATL,"1|Y/S,2|K/E,4|A/E,9|V/L",4,0.5555555555555556,HLA-A*02:06,YYAMYGEKVAHTHVDTLYVRYHYYTWAVLAYTWY,1,0.9942
YKVAYQATV,REVDYQATF,"1|Y/R,2|K/E,4|A/D,9|V/F",4,0.5555555555555556,HLA-A*02:06,YYAMYGEKVAHTHVDTLYVRYHYYTWAVLAYTWY,1,0.9208
YKVAYQATV,SRDAYQATY,"1|Y/S,2|K/R,3|V/D,9|V/Y",4,0.5555555555555556,HLA-A*02:06,YYAMYGEKVAHTHVDTLYVRYHYYTWAVLAYTWY,0,1e-04
YKVAYQATV,RLVDYQATF,"1|Y/R,2|K/L,4|A/D,9|V/F",4,0.5555555555555556,HLA-A*02:06,YYAMYGEKVAHTHVDTLYVRYHYYTWAVLAYTWY,1,1.0
YKVAYQATV,YEVPYQAAY,"2|K/E,4|A/P,8|T/A,9|V/Y",4,0.5555555555555556,HLA-A*02:06,YYAMYGEKVAHTHVDTLYVRYHYYTWAVLAYTWY,1,0.986
YKVAYQATV,SEDAYQATL,"1|Y/S,2|K/E,3|V/D,9|V/L",4,0.5555555555555556,HLA-A*02:06,YYAMYGEKVAHTHVDTLYVRYHYYTWAVLAYTWY,0,0.057
YKVAYQATV,YRVPYQAAY,"2|K/R,4|A/P,8|T/A,9|V/Y",4,0.5555555555555556,HLA-A*02:06,YYAMYGEKVAHTHVDTLYVRYHYYTWAVLAYTWY,1,0.5452
YKVAYQATV,RLVDYQATY,"1|Y/R,2|K/L,4|A/D,9|V/Y",4,0.5555555555555556,HLA-A*02:06,YYAMYGEKVAHTHVDTLYVRYHYYTWAVLAYTWY,1,1.0
YKVAYQATV,RRVPYQATF,"1|Y/R,2|K/R,4|A/P,9|V/F",4,0.5555555555555556,HLA-A*02:06,YYAMYGEKVAHTHVDTLYVRYHYYTWAVLAYTWY,0,0.2558
YKVAYQATV,RRVDYQATL,"1|Y/R,2|K/R,4|A/D,9|V/L",4,0.5555555555555556,HLA-A*02:06,YYAMYGEKVAHTHVDTLYVRYHYYTWAVLAYTWY,1,0.9675
YKVAYQATV,RRVDYQATY,"1|Y/R,2|K/R,4|A/D,9|V/Y",4,0.5555555555555556,HLA-A*02:06,YYAMYGEKVAHTHVDTLYVRYHYYTWAVLAYTWY,0,0.0359
YKVAYQATV,REDAYQATY,"1|Y/R,2|K/E,3|V/D,9|V/Y",4,0.5555555555555556,HLA-A*02:06,YYAMYGEKVAHTHVDTLYVRYHYYTWAVLAYTWY,0,0.3101
YKVAYQATV,SRAAYQATL,"1|Y/S,2|K/R,3|V/A,9|V/L",4,0.5555555555555556,HLA-A*02:06,YYAMYGEKVAHTHVDTLYVRYHYYTWAVLAYTWY,0,0.0014
YKVAYQATV,SEVEYQATY,"1|Y/S,2|K/E,4|A/E,9|V/Y",4,0.5555555555555556,HLA-A*02:06,YYAMYGEKVAHTHVDTLYVRYHYYTWAVLAYTWY,1,0.9837
YKVAYQATV,SRLAYQATF,"1|Y/S,2|K/R,3|V/L,9|V/F",4,0.5555555555555556,HLA-A*02:06,YYAMYGEKVAHTHVDTLYVRYHYYTWAVLAYTWY,0,0.0005
YKVAYQATV,YEVPYQAAL,"2|K/E,4|A/P,8|T/A,9|V/L",4,0.5555555555555556,HLA-A*02:06,YYAMYGEKVAHTHVDTLYVRYHYYTWAVLAYTWY,1,1.0
YKVAYQATV,SEAAYQATL,"1|Y/S,2|K/E,3|V/A,9|V/L",4,0.5555555555555556,HLA-A*02:06,YYAMYGEKVAHTHVDTLYVRYHYYTWAVLAYTWY,0,0.0488
YKVAYQATV,YEVPYQASL,"2|K/E,4|A/P,8|T/S,9|V/L",4,0.5555555555555556,HLA-A*02:06,YYAMYGEKVAHTHVDTLYVRYHYYTWAVLAYTWY,1,1.0
YKVAYQATV,RLDAYQATF,"1|Y/R,2|K/L,3|V/D,9|V/F",4,0.5555555555555556,HLA-A*02:06,YYAMYGEKVAHTHVDTLYVRYHYYTWAVLAYTWY,1,0.9911
YKVAYQATV,SRVDYQATY,"1|Y/S,2|K/R,4|A/D,9|V/Y",4,0.5555555555555556,HLA-A*02:06,YYAMYGEKVAHTHVDTLYVRYHYYTWAVLAYTWY,0,0.0638
YKVAYQATV,YRVDYQAAF,"2|K/R,4|A/D,8|T/A,9|V/F",4,0.5555555555555556,HLA-A*02:06,YYAMYGEKVAHTHVDTLYVRYHYYTWAVLAYTWY,0,0.0357
YKVAYQATV,SLLAYQATF,"1|Y/S,2|K/L,3|V/L,9|V/F",4,0.5555555555555556,HLA-A*02:06,YYAMYGEKVAHTHVDTLYVRYHYYTWAVLAYTWY,1,0.762
YKVAYQATV,RRAAYQATY,"1|Y/R,2|K/R,3|V/A,9|V/Y",4,0.5555555555555556,HLA-A*02:06,YYAMYGEKVAHTHVDTLYVRYHYYTWAVLAYTWY,0,0.0
YKVAYQATV,SLAAYQATF,"1|Y/S,2|K/L,3|V/A,9|V/F",4,0.5555555555555556,HLA-A*02:06,YYAMYGEKVAHTHVDTLYVRYHYYTWAVLAYTWY,1,0.9778
YKVAYQATV,ALAAYQATF,"1|Y/A,2|K/L,3|V/A,9|V/F",4,0.5555555555555556,HLA-A*02:06,YYAMYGEKVAHTHVDTLYVRYHYYTWAVLAYTWY,1,0.9978
YKVAYQATV,SEVPYQATY,"1|Y/S,2|K/E,4|A/P,9|V/Y",4,0.5555555555555556,HLA-A*02:06,YYAMYGEKVAHTHVDTLYVRYHYYTWAVLAYTWY,1,0.7661
YKVAYQATV,AELAYQATL,"1|Y/A,2|K/E,3|V/L,9|V/L",4,0.5555555555555556,HLA-A*02:06,YYAMYGEKVAHTHVDTLYVRYHYYTWAVLAYTWY,1,0.7035
YKVAYQATV,SLDAYQATF,"1|Y/S,2|K/L,3|V/D,9|V/F",4,0.5555555555555556,HLA-A*02:06,YYAMYGEKVAHTHVDTLYVRYHYYTWAVLAYTWY,1,0.9636
YKVAYQATV,SEDAYQATY,"1|Y/S,2|K/E,3|V/D,9|V/Y",4,0.5555555555555556,HLA-A*02:06,YYAMYGEKVAHTHVDTLYVRYHYYTWAVLAYTWY,0,0.05
YKVAYQATV,SLVPYQATF,"1|Y/S,2|K/L,4|A/P,9|V/F",4,0.5555555555555556,HLA-A*02:06,YYAMYGEKVAHTHVDTLYVRYHYYTWAVLAYTWY,1,0.9984
YKVAYQATV,ARLAYQATF,"1|Y/A,2|K/R,3|V/L,9|V/F",4,0.5555555555555556,HLA-A*02:06,YYAMYGEKVAHTHVDTLYVRYHYYTWAVLAYTWY,0,0.0082
YKVAYQATV,SLDAYQATL,"1|Y/S,2|K/L,3|V/D,9|V/L",4,0.5555555555555556,HLA-A*02:06,YYAMYGEKVAHTHVDTLYVRYHYYTWAVLAYTWY,1,1.0
YKVAYQATV,ALVEYQATF,"1|Y/A,2|K/L,4|A/E,9|V/F",4,0.5555555555555556,HLA-A*02:06,YYAMYGEKVAHTHVDTLYVRYHYYTWAVLAYTWY,1,0.9998
YKVAYQATV,SEVPYQATF,"1|Y/S,2|K/E,4|A/P,9|V/F",4,0.5555555555555556,HLA-A*02:06,YYAMYGEKVAHTHVDTLYVRYHYYTWAVLAYTWY,0,0.037
YKVAYQATV,YLVPYQASY,"2|K/L,4|A/P,8|T/S,9|V/Y",4,0.5555555555555556,HLA-A*02:06,YYAMYGEKVAHTHVDTLYVRYHYYTWAVLAYTWY,1,1.0
YKVAYQATV,AEVEYQATF,"1|Y/A,2|K/E,4|A/E,9|V/F",4,0.5555555555555556,HLA-A*02:06,YYAMYGEKVAHTHVDTLYVRYHYYTWAVLAYTWY,1,0.5687
YKVAYQATV,YEVPYQAAF,"2|K/E,4|A/P,8|T/A,9|V/F",4,0.5555555555555556,HLA-A*02:06,YYAMYGEKVAHTHVDTLYVRYHYYTWAVLAYTWY,1,0.6319
YKVAYQATV,RLAAYQATL,"1|Y/R,2|K/L,3|V/A,9|V/L",4,0.5555555555555556,HLA-A*02:06,YYAMYGEKVAHTHVDTLYVRYHYYTWAVLAYTWY,1,1.0
YKVAYQATV,SEVEYQATF,"1|Y/S,2|K/E,4|A/E,9|V/F",4,0.5555555555555556,HLA-A*02:06,YYAMYGEKVAHTHVDTLYVRYHYYTWAVLAYTWY,0,0.0249
YKVAYQATV,YLVEYQASF,"2|K/L,4|A/E,8|T/S,9|V/F",4,0.5555555555555556,HLA-A*02:06,YYAMYGEKVAHTHVDTLYVRYHYYTWAVLAYTWY,1,1.0
YKVAYQATV,YLVDYQASF,"2|K/L,4|A/D,8|T/S,9|V/F",4,0.5555555555555556,HLA-A*02:06,YYAMYGEKVAHTHVDTLYVRYHYYTWAVLAYTWY,1,1.0
YKVAYQATV,YLVPYQAAF,"2|K/L,4|A/P,8|T/A,9|V/F",4,0.5555555555555556,HLA-A*02:06,YYAMYGEKVAHTHVDTLYVRYHYYTWAVLAYTWY,1,0.9999
YKVAYQATV,SRVPYQATL,"1|Y/S,2|K/R,4|A/P,9|V/L",4,0.5555555555555556,HLA-A*02:06,YYAMYGEKVAHTHVDTLYVRYHYYTWAVLAYTWY,0,0.2606
YKVAYQATV,SRVDYQATL,"1|Y/S,2|K/R,4|A/D,9|V/L",4,0.5555555555555556,HLA-A*02:06,YYAMYGEKVAHTHVDTLYVRYHYYTWAVLAYTWY,1,0.9891
YKVAYQATV,AEVPYQATY,"1|Y/A,2|K/E,4|A/P,9|V/Y",4,0.5555555555555556,HLA-A*02:06,YYAMYGEKVAHTHVDTLYVRYHYYTWAVLAYTWY,1,0.9994
YKVAYQATV,ARVPYQATL,"1|Y/A,2|K/R,4|A/P,9|V/L",4,0.5555555555555556,HLA-A*02:06,YYAMYGEKVAHTHVDTLYVRYHYYTWAVLAYTWY,1,0.6003
YKVAYQATV,YLVPYQAAY,"2|K/L,4|A/P,8|T/A,9|V/Y",4,0.5555555555555556,HLA-A*02:06,YYAMYGEKVAHTHVDTLYVRYHYYTWAVLAYTWY,1,1.0
YKVAYQATV,AEVDYQATY,"1|Y/A,2|K/E,4|A/D,9|V/Y",4,0.5555555555555556,HLA-A*02:06,YYAMYGEKVAHTHVDTLYVRYHYYTWAVLAYTWY,1,0.9994
YKVAYQATV,RELAYQATF,"1|Y/R,2|K/E,3|V/L,9|V/F",4,0.5555555555555556,HLA-A*02:06,YYAMYGEKVAHTHVDTLYVRYHYYTWAVLAYTWY,0,0.0192
YKVAYQATV,AEAAYQATL,"1|Y/A,2|K/E,3|V/A,9|V/L",4,0.5555555555555556,HLA-A*02:06,YYAMYGEKVAHTHVDTLYVRYHYYTWAVLAYTWY,1,0.7295
YKVAYQATV,ALLAYQATY,"1|Y/A,2|K/L,3|V/L,9|V/Y",4,0.5555555555555556,HLA-A*02:06,YYAMYGEKVAHTHVDTLYVRYHYYTWAVLAYTWY,1,1.0
YKVAYQATV,AEVPYQATF,"1|Y/A,2|K/E,4|A/P,9|V/F",4,0.5555555555555556,HLA-A*02:06,YYAMYGEKVAHTHVDTLYVRYHYYTWAVLAYTWY,1,0.8782
YKVAYQATV,ARVEYQATY,"1|Y/A,2|K/R,4|A/E,9|V/Y",4,0.5555555555555556,HLA-A*02:06,YYAMYGEKVAHTHVDTLYVRYHYYTWAVLAYTWY,1,0.6564
YKVAYQATV,ARLAYQATL,"1|Y/A,2|K/R,3|V/L,9|V/L",4,0.5555555555555556,HLA-A*02:06,YYAMYGEKVAHTHVDTLYVRYHYYTWAVLAYTWY,0,0.3176
YKVAYQATV,YRVEYQAAL,"2|K/R,4|A/E,8|T/A,9|V/L",4,0.5555555555555556,HLA-A*02:06,YYAMYGEKVAHTHVDTLYVRYHYYTWAVLAYTWY,1,0.9866
YKVAYQATV,YEVDYQAAF,"2|K/E,4|A/D,8|T/A,9|V/F",4,0.5555555555555556,HLA-A*02:06,YYAMYGEKVAHTHVDTLYVRYHYYTWAVLAYTWY,1,0.7581
